{"cameraMode":{"drawMode":0,"name":"Shaded","section":"Shading Mode"},"sceneLighting":false,"audioPlay":false,"sceneViewState":{"showFog":true,"showMaterialUpdate":false,"showSkybox":true,"showFlares":true,"showImageEffects":true,"showParticleSystems":true},"in2DMode":false,"pivot":{"x":1.0908048152923585,"y":1.1387335062026978,"z":2.1939544677734377},"rotation":{"x":-0.33385366201400759,"y":0.3608382046222687,"z":-0.14016155898571015,"w":-0.8594720959663391},"size":1.7615437507629395,"orthographic":false}